-- phpMyAdmin SQL Dump
-- version 5.2.0
-- https://www.phpmyadmin.net/
--
-- Хост: 127.0.0.1:3306
-- Время создания: Авг 26 2023 г., 00:04
-- Версия сервера: 8.0.30
-- Версия PHP: 8.1.9

SET SQL_MODE = "NO_AUTO_VALUE_ON_ZERO";
START TRANSACTION;
SET time_zone = "+00:00";


/*!40101 SET @OLD_CHARACTER_SET_CLIENT=@@CHARACTER_SET_CLIENT */;
/*!40101 SET @OLD_CHARACTER_SET_RESULTS=@@CHARACTER_SET_RESULTS */;
/*!40101 SET @OLD_COLLATION_CONNECTION=@@COLLATION_CONNECTION */;
/*!40101 SET NAMES utf8mb4 */;

--
-- База данных: `LaravelA`
--

-- --------------------------------------------------------

--
-- Структура таблицы `categories`
--

CREATE TABLE `categories` (
  `id` bigint UNSIGNED NOT NULL,
  `title` varchar(255) COLLATE utf8mb4_unicode_ci NOT NULL,
  `created_at` timestamp NULL DEFAULT NULL,
  `updated_at` timestamp NULL DEFAULT NULL,
  `deleted_at` timestamp NULL DEFAULT NULL
) ENGINE=InnoDB DEFAULT CHARSET=utf8mb4 COLLATE=utf8mb4_unicode_ci;

--
-- Дамп данных таблицы `categories`
--

INSERT INTO `categories` (`id`, `title`, `created_at`, `updated_at`, `deleted_at`) VALUES
(1, 'Category 1', '2023-08-12 09:33:05', '2023-08-12 09:35:34', NULL),
(2, 'Category 2', '2023-08-12 09:48:48', '2023-08-12 09:49:25', NULL);

-- --------------------------------------------------------

--
-- Структура таблицы `comments`
--

CREATE TABLE `comments` (
  `id` bigint UNSIGNED NOT NULL,
  `user_id` bigint UNSIGNED NOT NULL,
  `post_id` bigint UNSIGNED NOT NULL,
  `message` text COLLATE utf8mb4_unicode_ci NOT NULL,
  `created_at` timestamp NULL DEFAULT NULL,
  `updated_at` timestamp NULL DEFAULT NULL
) ENGINE=InnoDB DEFAULT CHARSET=utf8mb4 COLLATE=utf8mb4_unicode_ci;

--
-- Дамп данных таблицы `comments`
--

INSERT INTO `comments` (`id`, `user_id`, `post_id`, `message`, `created_at`, `updated_at`) VALUES
(1, 1, 1, 'some comment new', '2023-08-12 17:56:46', '2023-08-12 16:54:22');

-- --------------------------------------------------------

--
-- Структура таблицы `failed_jobs`
--

CREATE TABLE `failed_jobs` (
  `id` bigint UNSIGNED NOT NULL,
  `uuid` varchar(255) COLLATE utf8mb4_unicode_ci NOT NULL,
  `connection` text COLLATE utf8mb4_unicode_ci NOT NULL,
  `queue` text COLLATE utf8mb4_unicode_ci NOT NULL,
  `payload` longtext COLLATE utf8mb4_unicode_ci NOT NULL,
  `exception` longtext COLLATE utf8mb4_unicode_ci NOT NULL,
  `failed_at` timestamp NOT NULL DEFAULT CURRENT_TIMESTAMP
) ENGINE=InnoDB DEFAULT CHARSET=utf8mb4 COLLATE=utf8mb4_unicode_ci;

-- --------------------------------------------------------

--
-- Структура таблицы `jobs`
--

CREATE TABLE `jobs` (
  `id` bigint UNSIGNED NOT NULL,
  `queue` varchar(255) COLLATE utf8mb4_unicode_ci NOT NULL,
  `payload` longtext COLLATE utf8mb4_unicode_ci NOT NULL,
  `attempts` tinyint UNSIGNED NOT NULL,
  `reserved_at` int UNSIGNED DEFAULT NULL,
  `available_at` int UNSIGNED NOT NULL,
  `created_at` int UNSIGNED NOT NULL
) ENGINE=InnoDB DEFAULT CHARSET=utf8mb4 COLLATE=utf8mb4_unicode_ci;

-- --------------------------------------------------------

--
-- Структура таблицы `migrations`
--

CREATE TABLE `migrations` (
  `id` int UNSIGNED NOT NULL,
  `migration` varchar(255) COLLATE utf8mb4_unicode_ci NOT NULL,
  `batch` int NOT NULL
) ENGINE=InnoDB DEFAULT CHARSET=utf8mb4 COLLATE=utf8mb4_unicode_ci;

--
-- Дамп данных таблицы `migrations`
--

INSERT INTO `migrations` (`id`, `migration`, `batch`) VALUES
(19, '2014_10_12_000000_create_users_table', 1),
(20, '2014_10_12_100000_create_password_resets_table', 1),
(21, '2019_08_19_000000_create_failed_jobs_table', 1),
(22, '2019_12_14_000001_create_personal_access_tokens_table', 1),
(23, '2023_06_12_142808_create_categories_table', 1),
(24, '2023_07_12_141409_create_posts_table', 1),
(25, '2023_07_12_141429_create_tags_table', 1),
(26, '2023_07_12_141501_create_post_tags_table', 1),
(27, '2023_07_22_124537_drop_column_post_id_to_categories_table', 1),
(28, '2023_07_23_131811_add_column_soft_deletes_to_categories_table', 1),
(29, '2023_07_24_210354_add_column_soft_deletes_to_tags_table', 1),
(30, '2023_07_25_191032_add_column_soft_deletes_to_posts_table', 1),
(31, '2023_07_25_225227_add_columns_for_images_to_posts_table', 1),
(32, '2023_07_30_171323_add_column_soft_deletes_to_users_table', 1),
(33, '2023_07_30_172544_add_column_role_to_users_table', 1),
(34, '2023_07_31_203416_create_jobs_table', 1),
(35, '2023_08_12_115957_create_comments_table', 1),
(36, '2023_08_12_120356_create_post_user_likes_table', 1);

-- --------------------------------------------------------

--
-- Структура таблицы `password_resets`
--

CREATE TABLE `password_resets` (
  `email` varchar(255) COLLATE utf8mb4_unicode_ci NOT NULL,
  `token` varchar(255) COLLATE utf8mb4_unicode_ci NOT NULL,
  `created_at` timestamp NULL DEFAULT NULL
) ENGINE=InnoDB DEFAULT CHARSET=utf8mb4 COLLATE=utf8mb4_unicode_ci;

-- --------------------------------------------------------

--
-- Структура таблицы `personal_access_tokens`
--

CREATE TABLE `personal_access_tokens` (
  `id` bigint UNSIGNED NOT NULL,
  `tokenable_type` varchar(255) COLLATE utf8mb4_unicode_ci NOT NULL,
  `tokenable_id` bigint UNSIGNED NOT NULL,
  `name` varchar(255) COLLATE utf8mb4_unicode_ci NOT NULL,
  `token` varchar(64) COLLATE utf8mb4_unicode_ci NOT NULL,
  `abilities` text COLLATE utf8mb4_unicode_ci,
  `last_used_at` timestamp NULL DEFAULT NULL,
  `created_at` timestamp NULL DEFAULT NULL,
  `updated_at` timestamp NULL DEFAULT NULL
) ENGINE=InnoDB DEFAULT CHARSET=utf8mb4 COLLATE=utf8mb4_unicode_ci;

-- --------------------------------------------------------

--
-- Структура таблицы `posts`
--

CREATE TABLE `posts` (
  `id` bigint UNSIGNED NOT NULL,
  `title` varchar(255) COLLATE utf8mb4_unicode_ci NOT NULL,
  `content` text COLLATE utf8mb4_unicode_ci NOT NULL,
  `category_id` bigint UNSIGNED DEFAULT NULL,
  `created_at` timestamp NULL DEFAULT CURRENT_TIMESTAMP,
  `updated_at` timestamp NULL DEFAULT NULL,
  `deleted_at` timestamp NULL DEFAULT NULL,
  `preview_image` varchar(255) COLLATE utf8mb4_unicode_ci DEFAULT NULL,
  `main_image` varchar(255) COLLATE utf8mb4_unicode_ci DEFAULT NULL
) ENGINE=InnoDB DEFAULT CHARSET=utf8mb4 COLLATE=utf8mb4_unicode_ci;

--
-- Дамп данных таблицы `posts`
--

INSERT INTO `posts` (`id`, `title`, `content`, `category_id`, `created_at`, `updated_at`, `deleted_at`, `preview_image`, `main_image`) VALUES
(1, 'post 1', 'text 1', 2, '2023-08-12 12:39:00', '2023-08-12 10:02:25', NULL, NULL, NULL),
(2, '2', '2', 1, NULL, '2023-08-12 09:45:52', '2023-08-12 09:45:52', 'images/A91ZiZGP2waNZ4Q4Aox3aTKY2BmYJx6KJ2CVeN6V.jpg', 'images/vpC3diuC0E7Wh6OXHULUJlmHftdkucEhG3KApdXo.jpg'),
(3, 'asd', '<p>asd</p>', 2, '2023-08-12 10:00:11', '2023-08-12 10:00:11', NULL, NULL, NULL),
(4, 'zxc', '<p>zxc</p>', 1, '2023-08-12 10:02:57', '2023-08-12 10:02:57', NULL, NULL, NULL),
(5, 'qwe', '<p>qwe</p>', 2, '2023-08-12 11:39:13', '2023-08-12 11:39:13', NULL, NULL, NULL);

-- --------------------------------------------------------

--
-- Структура таблицы `post_tags`
--

CREATE TABLE `post_tags` (
  `id` bigint UNSIGNED NOT NULL,
  `post_id` bigint UNSIGNED NOT NULL,
  `tag_id` bigint UNSIGNED NOT NULL,
  `created_at` timestamp NULL DEFAULT NULL,
  `updated_at` timestamp NULL DEFAULT NULL
) ENGINE=InnoDB DEFAULT CHARSET=utf8mb4 COLLATE=utf8mb4_unicode_ci;

--
-- Дамп данных таблицы `post_tags`
--

INSERT INTO `post_tags` (`id`, `post_id`, `tag_id`, `created_at`, `updated_at`) VALUES
(1, 1, 1, NULL, NULL),
(2, 2, 1, NULL, NULL),
(3, 1, 2, NULL, NULL),
(4, 5, 1, NULL, NULL),
(5, 5, 2, NULL, NULL);

-- --------------------------------------------------------

--
-- Структура таблицы `post_user_likes`
--

CREATE TABLE `post_user_likes` (
  `id` bigint UNSIGNED NOT NULL,
  `post_id` bigint UNSIGNED NOT NULL,
  `user_id` bigint UNSIGNED NOT NULL,
  `created_at` timestamp NULL DEFAULT NULL,
  `updated_at` timestamp NULL DEFAULT NULL
) ENGINE=InnoDB DEFAULT CHARSET=utf8mb4 COLLATE=utf8mb4_unicode_ci;

--
-- Дамп данных таблицы `post_user_likes`
--

INSERT INTO `post_user_likes` (`id`, `post_id`, `user_id`, `created_at`, `updated_at`) VALUES
(1, 1, 1, '2023-08-12 18:26:09', NULL);

-- --------------------------------------------------------

--
-- Структура таблицы `tags`
--

CREATE TABLE `tags` (
  `id` bigint UNSIGNED NOT NULL,
  `title` varchar(255) COLLATE utf8mb4_unicode_ci NOT NULL,
  `created_at` timestamp NULL DEFAULT NULL,
  `updated_at` timestamp NULL DEFAULT NULL,
  `deleted_at` timestamp NULL DEFAULT NULL
) ENGINE=InnoDB DEFAULT CHARSET=utf8mb4 COLLATE=utf8mb4_unicode_ci;

--
-- Дамп данных таблицы `tags`
--

INSERT INTO `tags` (`id`, `title`, `created_at`, `updated_at`, `deleted_at`) VALUES
(1, 'Tag 1', '2023-08-12 09:16:07', '2023-08-12 09:36:15', NULL),
(2, 'Tag 2', '2023-08-12 09:36:23', '2023-08-12 09:36:23', NULL);

-- --------------------------------------------------------

--
-- Структура таблицы `users`
--

CREATE TABLE `users` (
  `id` bigint UNSIGNED NOT NULL,
  `name` varchar(255) COLLATE utf8mb4_unicode_ci NOT NULL,
  `email` varchar(255) COLLATE utf8mb4_unicode_ci NOT NULL,
  `email_verified_at` timestamp NULL DEFAULT NULL,
  `password` varchar(255) COLLATE utf8mb4_unicode_ci NOT NULL,
  `remember_token` varchar(100) COLLATE utf8mb4_unicode_ci DEFAULT NULL,
  `created_at` timestamp NULL DEFAULT CURRENT_TIMESTAMP,
  `updated_at` timestamp NULL DEFAULT NULL,
  `deleted_at` timestamp NULL DEFAULT NULL,
  `role` smallint UNSIGNED NOT NULL DEFAULT '0'
) ENGINE=InnoDB DEFAULT CHARSET=utf8mb4 COLLATE=utf8mb4_unicode_ci;

--
-- Дамп данных таблицы `users`
--

INSERT INTO `users` (`id`, `name`, `email`, `email_verified_at`, `password`, `remember_token`, `created_at`, `updated_at`, `deleted_at`, `role`) VALUES
(1, 'main admin', 'targa1910@ukr.net', '2023-08-12 09:15:24', '$2y$10$/DrWG7ccKt0K8OMJB7Uii.z53is5rAfGswbXrhkZROxIqh0foOin.', 'IoIwsaqG3UhEMtvTyfssfLPgW8fRzAoHkcb6uwxsFSy04HmJbBldYsxBr4cR', '2023-08-12 09:15:08', '2023-08-12 09:52:46', NULL, 0),
(2, 'user2', 'targa1910@ukr.net2', '2023-08-12 09:55:27', '$2y$10$GGw4SJp7DCcuIgvi37s5IuPcwBuRJQJAsndN1WDyp0YZZCf10azb2', NULL, '2023-08-12 09:54:14', '2023-08-12 09:55:27', NULL, 1),
(3, 'admin3', 'targa1910@ukr.net3', '2023-08-12 09:57:17', '$2y$10$wCszj0w3DIMD.a4Uk70xEehA6TxUy5OW1bJE5stI5uz7Z9g.7l1xK', NULL, '2023-08-12 09:57:01', '2023-08-12 09:57:17', NULL, 0);

--
-- Индексы сохранённых таблиц
--

--
-- Индексы таблицы `categories`
--
ALTER TABLE `categories`
  ADD PRIMARY KEY (`id`);

--
-- Индексы таблицы `comments`
--
ALTER TABLE `comments`
  ADD PRIMARY KEY (`id`),
  ADD KEY `comments_user_idx` (`user_id`),
  ADD KEY `comments_post_idx` (`post_id`);

--
-- Индексы таблицы `failed_jobs`
--
ALTER TABLE `failed_jobs`
  ADD PRIMARY KEY (`id`),
  ADD UNIQUE KEY `failed_jobs_uuid_unique` (`uuid`);

--
-- Индексы таблицы `jobs`
--
ALTER TABLE `jobs`
  ADD PRIMARY KEY (`id`),
  ADD KEY `jobs_queue_index` (`queue`);

--
-- Индексы таблицы `migrations`
--
ALTER TABLE `migrations`
  ADD PRIMARY KEY (`id`);

--
-- Индексы таблицы `password_resets`
--
ALTER TABLE `password_resets`
  ADD KEY `password_resets_email_index` (`email`);

--
-- Индексы таблицы `personal_access_tokens`
--
ALTER TABLE `personal_access_tokens`
  ADD PRIMARY KEY (`id`),
  ADD UNIQUE KEY `personal_access_tokens_token_unique` (`token`),
  ADD KEY `personal_access_tokens_tokenable_type_tokenable_id_index` (`tokenable_type`,`tokenable_id`);

--
-- Индексы таблицы `posts`
--
ALTER TABLE `posts`
  ADD PRIMARY KEY (`id`),
  ADD KEY `post_category_idx` (`category_id`);

--
-- Индексы таблицы `post_tags`
--
ALTER TABLE `post_tags`
  ADD PRIMARY KEY (`id`),
  ADD KEY `post_tag_post_idx` (`post_id`),
  ADD KEY `post_tag_tag_idx` (`tag_id`);

--
-- Индексы таблицы `post_user_likes`
--
ALTER TABLE `post_user_likes`
  ADD PRIMARY KEY (`id`),
  ADD KEY `pul_post_idx` (`post_id`),
  ADD KEY `pul_user_idx` (`user_id`);

--
-- Индексы таблицы `tags`
--
ALTER TABLE `tags`
  ADD PRIMARY KEY (`id`);

--
-- Индексы таблицы `users`
--
ALTER TABLE `users`
  ADD PRIMARY KEY (`id`),
  ADD UNIQUE KEY `users_email_unique` (`email`);

--
-- AUTO_INCREMENT для сохранённых таблиц
--

--
-- AUTO_INCREMENT для таблицы `categories`
--
ALTER TABLE `categories`
  MODIFY `id` bigint UNSIGNED NOT NULL AUTO_INCREMENT, AUTO_INCREMENT=3;

--
-- AUTO_INCREMENT для таблицы `comments`
--
ALTER TABLE `comments`
  MODIFY `id` bigint UNSIGNED NOT NULL AUTO_INCREMENT, AUTO_INCREMENT=2;

--
-- AUTO_INCREMENT для таблицы `failed_jobs`
--
ALTER TABLE `failed_jobs`
  MODIFY `id` bigint UNSIGNED NOT NULL AUTO_INCREMENT;

--
-- AUTO_INCREMENT для таблицы `jobs`
--
ALTER TABLE `jobs`
  MODIFY `id` bigint UNSIGNED NOT NULL AUTO_INCREMENT, AUTO_INCREMENT=6;

--
-- AUTO_INCREMENT для таблицы `migrations`
--
ALTER TABLE `migrations`
  MODIFY `id` int UNSIGNED NOT NULL AUTO_INCREMENT, AUTO_INCREMENT=37;

--
-- AUTO_INCREMENT для таблицы `personal_access_tokens`
--
ALTER TABLE `personal_access_tokens`
  MODIFY `id` bigint UNSIGNED NOT NULL AUTO_INCREMENT;

--
-- AUTO_INCREMENT для таблицы `posts`
--
ALTER TABLE `posts`
  MODIFY `id` bigint UNSIGNED NOT NULL AUTO_INCREMENT, AUTO_INCREMENT=6;

--
-- AUTO_INCREMENT для таблицы `post_tags`
--
ALTER TABLE `post_tags`
  MODIFY `id` bigint UNSIGNED NOT NULL AUTO_INCREMENT, AUTO_INCREMENT=6;

--
-- AUTO_INCREMENT для таблицы `post_user_likes`
--
ALTER TABLE `post_user_likes`
  MODIFY `id` bigint UNSIGNED NOT NULL AUTO_INCREMENT, AUTO_INCREMENT=2;

--
-- AUTO_INCREMENT для таблицы `tags`
--
ALTER TABLE `tags`
  MODIFY `id` bigint UNSIGNED NOT NULL AUTO_INCREMENT, AUTO_INCREMENT=3;

--
-- AUTO_INCREMENT для таблицы `users`
--
ALTER TABLE `users`
  MODIFY `id` bigint UNSIGNED NOT NULL AUTO_INCREMENT, AUTO_INCREMENT=4;

--
-- Ограничения внешнего ключа сохраненных таблиц
--

--
-- Ограничения внешнего ключа таблицы `comments`
--
ALTER TABLE `comments`
  ADD CONSTRAINT `comments_post_fk` FOREIGN KEY (`post_id`) REFERENCES `posts` (`id`),
  ADD CONSTRAINT `comments_user_fk` FOREIGN KEY (`user_id`) REFERENCES `users` (`id`);

--
-- Ограничения внешнего ключа таблицы `posts`
--
ALTER TABLE `posts`
  ADD CONSTRAINT `post_category_fk` FOREIGN KEY (`category_id`) REFERENCES `categories` (`id`);

--
-- Ограничения внешнего ключа таблицы `post_tags`
--
ALTER TABLE `post_tags`
  ADD CONSTRAINT `post_tag_post_fk` FOREIGN KEY (`post_id`) REFERENCES `posts` (`id`),
  ADD CONSTRAINT `post_tag_tag_fk` FOREIGN KEY (`tag_id`) REFERENCES `tags` (`id`);

--
-- Ограничения внешнего ключа таблицы `post_user_likes`
--
ALTER TABLE `post_user_likes`
  ADD CONSTRAINT `pul_post_fk` FOREIGN KEY (`post_id`) REFERENCES `posts` (`id`),
  ADD CONSTRAINT `pul_user_fk` FOREIGN KEY (`user_id`) REFERENCES `users` (`id`);
COMMIT;

/*!40101 SET CHARACTER_SET_CLIENT=@OLD_CHARACTER_SET_CLIENT */;
/*!40101 SET CHARACTER_SET_RESULTS=@OLD_CHARACTER_SET_RESULTS */;
/*!40101 SET COLLATION_CONNECTION=@OLD_COLLATION_CONNECTION */;
